{"cameraMode":{"drawMode":0,"name":"Shaded","section":"Shading Mode"},"sceneLighting":true,"audioPlay":false,"sceneViewState":{"showFog":true,"showMaterialUpdate":true,"showSkybox":true,"showFlares":true,"showImageEffects":true,"showParticleSystems":true},"in2DMode":false,"pivot":{"x":5.725301742553711,"y":2.0,"z":-0.2290356308221817},"rotation":{"x":-0.17677561938762666,"y":-0.23402614891529084,"z":0.04327693209052086,"w":-0.9551297426223755},"size":39.25101089477539,"orthographic":true}