{"cameraMode":{"drawMode":0,"name":"Shaded","section":"Shading Mode"},"sceneLighting":false,"audioPlay":false,"sceneViewState":{"showFog":true,"showMaterialUpdate":true,"showSkybox":false,"showFlares":true,"showImageEffects":true,"showParticleSystems":true},"in2DMode":false,"pivot":{"x":5.725301742553711,"y":1.9999998807907105,"z":-0.2292744517326355},"rotation":{"x":0.17847950756549836,"y":-0.14698413014411927,"z":0.026972517371177675,"w":0.972534716129303},"size":2.857884645462036,"orthographic":true}